<project>
  <modelVersion>4.0.0</modelVersion>
  <groupId>org.jvnet.com4j</groupId>
  <artifactId>com4j</artifactId>
  <version>@VERSION@</version>
  <name>com4j runtime</name>
  
  <build>
    <extensions>
      <extension>
        <groupId>org.jvnet.wagon-svn</groupId>
        <artifactId>wagon-svn</artifactId>
        <version>1.12</version>
      </extension>
    </extensions>
  </build>

  <repositories>
    <repository>
      <id>m.g.o-public</id>
      <url>http://maven.glassfish.org/content/groups/public/</url>
    </repository>
  </repositories>

  <pluginRepositories>
    <pluginRepository>
      <id>m.g.o-public</id>
      <url>http://maven.glassfish.org/content/groups/public/</url>
    </pluginRepository>
  </pluginRepositories>
</project>
