<project>
  <modelVersion>4.0.0</modelVersion>
  <groupId>org.jvnet.com4j</groupId>
  <artifactId>tlbimp</artifactId>
  <version>@VERSION@</version>
  <name>com4j type library importer</name>

  <build>
    <extensions>
      <extension>
        <groupId>org.jvnet.wagon-svn</groupId>
        <artifactId>wagon-svn</artifactId>
        <version>1.12</version>
      </extension>
    </extensions>
  </build>

  <dependencies>
    <dependency>
      <groupId>org.jvnet.com4j</groupId>
      <artifactId>com4j</artifactId>
      <version>@VERSION@</version>
    </dependency>
    <dependency>
      <groupId>args4j</groupId>
      <artifactId>args4j</artifactId>
      <version>2.0.8</version>
    </dependency>
  </dependencies>

  <repositories>
    <repository>
      <id>m.g.o-public</id>
      <url>http://maven.glassfish.org/content/groups/public/</url>
    </repository>
  </repositories>

  <pluginRepositories>
    <pluginRepository>
      <id>m.g.o-public</id>
      <url>http://maven.glassfish.org/content/groups/public/</url>
    </pluginRepository>
  </pluginRepositories>

</project>
